{"loss/total_loss": 329530.34375, "loss/log_p": 61.16753387451172, "loss/pixel_loss": 329465.625, "loss/vgg_loss": 3.570363759994507, "_timestamp": 1715357005.231903, "_runtime": 360.10087609291077, "_step": 629}