{"loss/total_loss": 73580.71875, "loss/log_p": 60.83327865600586, "loss/pixel_loss": 73515.203125, "loss/vgg_loss": 4.681997776031494, "_timestamp": 1715373701.389742, "_runtime": 1637.0204498767853, "_step": 5709}