{"loss/total_loss": 146.6029510498047, "loss/log_p": 48.91579818725586, "loss/pixel_loss": 92.58009338378906, "loss/vgg_loss": 5.10706090927124, "_timestamp": 1715362563.2220278, "_runtime": 3943.263743877411, "_step": 16551}